7831703,Christian,Schmidt,3041427106,281261751,38 Parkway Avenue,2,22390
2299817,Amber,Cohen,6126757585,214900379,6884 Foreman rd,1,11897
1964394,Gregory,Hanson,6121897696,544193639,34 Lakeview ave,2,25896
1984288,Aaron,White,3044050970,252257648,675 Center Lake,3,38274
9713285,Alexander,Kirk,3040347857,471140087,604 McDougal Drive,4,46996
7025528,Janice,Lee,6123404961,205792979,97 Carlin Circle,2,24606
6441979,Sarah,Browning,3041543673,219854339,798 Lincoln ave,1,10407
8815776,Rick,Wallace,6129686758,296181046,674 Phelps lane,2,23496
2395480,Martin,Weinstein,3046534098,250387512,77d Bluegrass st.,3,33588
1927432,Stephen,Morrison,3041599115,267142678,433c Wallace ave,2,20966
3186281,Evan,Mann,3046359412,296415147,909 Reynolds Circle,2,21086
3316724,Aaron,Carter,6123354949,205648513,34 Harper Way,3,34524
4956214,Lucy,Miller,3040879483,524400894,983 Phelps st.,5,56865
9110853,Brandon,Washington,3044224095,736043336,204 Schmidt Dr,3,30216
7617187,Frederick,Walker,3043218566,295162822,742 Birch ave,2,24476
8694484,Raymond,Jefferson,3048442540,654243398,518 Washington Lake,4,50528
5663439,Jack,Weinstein,5414699141,218250790,8 McCoy Dr.,2,21466
2254308,Gabriel,Davis,3044816072,293794905,942 Shannonn Avenue,4,42072
6685645,Patrick,McDougal,5414405293,287174019,9048 Walsh Avenue,2,24710
1427777,Earl,Gomez,3049941370,290896877,731 Petry Lake,3,31851
8370411,Leah,Davis,6124204891,858137178,24 White Street,2,21588
7048480,Kimberly,Washington,5418991260,297813179,965f Ellis Blvd,1,12826
2174861,Steven,Harper,3043398189,747551052,9421 Knight Lake,2,20264
2130211,Gregory,Lucas,6120394792,268900960,918f Stout st.,2,20050
5792365,Amber,Hodges,3041161026,242907577,945 Walsh st.,2,23000
1006480,William,Lincoln,6124771137,292988976,47 Morrison Dr,2,20724
4526949,Patrick,McCoy,3041676229,289422916,82 Highland st.,2,20742
5857770,Jennifer,Morrison,3044759012,211224363,31 McCoy Street,4,51720
9244076,Martin,Lee,5416651780,871557239,9c Sunset Avenue,2,23888
3462688,Jack,Gomez,5412653735,736708703,8 Woodland Drive,2,22180
4642742,Jennifer,Bowe,3047231302,289934094,85 Smith ave,5,60650
9958998,Evan,Jones,3048746286,282466735,748e Hill Drive,2,24020
5350139,Evan,Carter,3041436339,623771792,953d Rice Way,1,11938
3364032,Steven,Knight,5417985933,240290625,4512 Pierson rd,2,21066
2617432,Lucy,Schmidt,6124668287,216235252,740 Morton Circle,4,45376
9266341,Alexander,Patterson,6123839269,245701891,24 Shannonn road,4,46484
3692030,Ryan,Hanson,3049610781,209909814,62e Willow Circle,2,25164
3770956,Joshua,Carlin,3044569369,248571012,75 Pierson rd,2,20356
4809132,Luke,Phelps,3040310037,238950190,4326 McDonald rd,2,20912
4494923,Erica,Pierson,6128602680,283721644,1349 Hanson rd,2,24006
6492733,Alexander,Hatfield,3046894265,215552221,1 Willow Lake,2,22042
7265064,Paul,Harper,5412189259,529966490,4 Rice ave,2,21592
8639860,Anthony,Wilson,3047601885,197698298,101c Birch Lake,4,42576
1973960,Samantha,Jefferson,6128376435,293850538,639 Davis Blvd,1,12879
9804416,Steven,Childers,5413479163,655714620,360 Wallace Street,2,20544
3579527,Evan,Mooney,3048731254,232992867,6 Birch ave,4,40392
7517267,Anthony,Foreman,5414275348,231399934,599 Highland Circle,2,20306
2557158,Christian,Shannonn,5414867158,227156658,202c Schmidt rd,2,21412
7271509,Lucy,McDougal,3047628125,250694186,65 Adams Blvd,3,32634
3363034,Tabitha,White,3041500963,258165424,35 White Street,5,50470
1519763,Samantha,Walker,3042637504,224683272,496 Browning rd,3,31599
8146738,Paul,Wallace,3040447076,842087756,170 Kennedy lane,1,11896
9157248,Christian,Johnson,3048652128,226776656,803 Garnes Circle,2,25132
7840016,Jonathan,Gomez,3045228873,533507701,165 Wallace Dr,3,30015
7167747,William,Anderson,3048359245,234969965,1 Carlin lane,2,21144
2576082,Peggy,Phelps,3042637360,268319753,702 Gomez st.,2,20444
6643924,Justin,Johnson,3042295817,286049714,9 Schmidt rd,3,30237
6540431,Raymond,Morrison,3042433876,566277644,64 Taylor Avenue,3,32067
7038569,Martin,Washington,6124851242,279414051,45 Adams Avenue,3,38319
4758703,Frederick,Schmidt,6121053599,271976290,2 Cherry ave,1,11353
2724995,Evan,McDougal,5416953824,279119175,46 Taylor rd,3,37743
7609470,Brooke,Walker,6127742211,104092389,494c Poplar Street,2,25944
5079496,Christopher,Phelps,5419002882,217363407,7 Carter Avenue,2,23234
4120425,Travis,Stone,3048229570,425764604,54e Foreman Blvd,4,41440
9757540,Stephen,Reynolds,5416294142,840642159,92 Davis Blvd,4,50084
5531944,Justin,Hanson,3045584455,297147443,67 Chestnut Blvd,4,41660
4931212,Gabriel,Taylor,3043289938,784968638,3d Morton Dr,2,20838
7712234,Peggy,Foreman,3047946596,233152439,69 Mann st.,1,10810
1570138,Gary,McDonald,5415182403,247797995,800 Adams Drive,2,20956
2201374,Evan,Shannonn,3045829054,243466854,721e Oak Dr.,5,61470
6373035,Luke,Foreman,3049268221,296465802,346 Jones rd.,2,20582
8255906,Allen,Davis,5410926744,222251762,444 McDougal Avenue,2,24814
4637365,Thomas,Wilson,3040759314,258528389,4 Hickory st.,4,50964
6085329,Allen,Kirk,5415490157,754312960,5454 Hodges Way,3,34458
6161220,Jonathan,White,5412251449,269098592,49d McDougal ave,2,23114
1811439,Gerald,Garnes,3049017272,748179006,363 Smith rd,2,20980
2576440,Paul,Weinstein,5412734116,286998106,240 Lakeview rd.,3,33273
3377000,Rachel,Hodges,3045849567,269948680,81f Gomez Avenue,2,23780
8094334,Anthony,Wilson,5417930501,273358506,170 Jefferson lane,2,22300
5269390,Kimberly,Rice,3043470256,219729606,75 Elm rd.,2,25314
9749374,Gary,Browning,3047364015,748562634,478 Morrison Avenue,5,58700
6430288,Earl,Anderson,5410819495,632440039,624 Anderson Circle,3,37926
5745760,Sarah,Childers,6128751189,281120937,186e Miller Avenue,1,11967
6031015,Christian,Mann,3047490428,298258965,878 Childers Drive,3,32307
3825918,Justin,Wilson,6129733412,205912359,832b Stout rd,1,10015
5662604,Sarah,Smith,6125246704,257323006,568 Phelps rd,3,35409
6255027,Anthony,McCoy,3041764413,222982263,299 Miller road,3,32874
4939291,Frederick,Adams,6125075174,295581159,3664 Adams lane,2,24208
7293172,Jonathan,Adams,3045608205,295790128,7 Pierson Dr,4,41324
5250202,Phllip,Morton,5418814292,871231993,834 Patterson Blvd,5,51290
3742585,William,Kirk,5418670336,233326272,429 Bush rd.,5,61595
8579562,Gordon,Patterson,6125258904,248940318,3 Garnes Street,2,20192
6741038,Steven,Jones,3047768560,283767012,655 Maple Way,3,35043
2301391,Christian,Adams,5416062637,262908627,1 Lincoln Ave.,2,23498
5795222,Gabriel,Phelps,6128491296,132791253,806 Davis Drive,4,43916
1906965,Katherine,Kennedy,5413428855,232938577,10 Rice Dr.,3,36135
3116817,Christian,Adams,3046483276,260858086,1869 Laurel Ave.,2,24184
9602371,Evan,Pierson,3048638096,266033657,983 Schmidt Circle,3,33531
8303637,Kendall,Knight,5417693449,241380231,1826 Adams rd.,2,22528
5806477,Lucy,Petry,3041278080,599958179,22415 Carlin rd.,3,31623
5233735,Jennifer,Gomez,3042540188,596432760,341 Broadway Dr,5,52810
9431171,Aaron,Foreman,3040269448,217953508,34 Miller Way,2,24560
5348419,Jonathan,Ellis,3047819075,224278611,77 Phelps Blvd,2,22288
8093322,Jonathan,Taylor,6129017294,250457837,301 Patterson Way,2,23062
4338737,Donald,Patterson,3040534363,293418785,76 Carlin Dr.,2,22230
1262014,Bruce,White,6125404303,270261609,2 Walsh rd,4,40556
9999273,Evan,McDonald,3041666993,279528276,337 Carter Lake,4,43968
1055845,Amber,Schmidt,5415852243,239078283,74 Sycamore Dr.,1,12270
8198057,Travis,Davis,6125615470,286325620,343b Center rd.,2,20498
2971733,Rachel,Mooney,6126720908,247110971,54 White ave,1,11930
9366796,Samantha,Stone,3043747739,216106856,986c Bush Ave.,4,44688
9356078,Earl,Wilson,3044440755,293404923,164 Pierson rd.,1,10618
2294838,Albert,Childers,3049842927,271820436,287 Kirk Lake,1,11084
6101678,Albert,Petry,3045102462,193470505,664 Schmidt Blvd,3,38568
8259808,Janice,Lincoln,3049272344,294759150,951c Walker Lake,2,22194
9315465,Christopher,Adams,6124521147,224004095,3 Bowe Drive,2,21982
7328627,Amber,Walker,5418433976,239113323,8 Lincoln Ave.,5,56200
2947258,Martin,Rice,6125128703,237601220,95 Maple ave,2,24154
7789256,Justin,Bush,6124195879,227575584,80097 Walnut Drive,2,25358
7113328,Kendall,Adams,3049003125,289476627,4 Mann Dr,2,23102
2562006,Steven,Mooney,3042918434,213119364,45 Hatfield Blvd,1,10783
6417161,Gordon,Walsh,3041951687,249266061,61826 Harper road,2,22648
7043106,Rick,Lee,5415659531,291615673,3b Stout Drive,3,34389
4411666,Steven,Hodges,3049552859,256296545,635 Patterson lane,4,44164
6919197,Cody,McDonald,3043695383,238642384,2298 Cohen Dr,3,33732
1686970,Bruce,McDonald,3041913788,201775992,8714 Harper rd,4,43004
9277119,Stephen,Adams,6129455897,266149564,8 Browning lane,4,40000
9281467,Katherine,McDougal,6123839134,241926094,86 Bush rd,2,25730
5827146,Gabriel,Pierson,5416855023,273932766,3 Morton st.,2,24566
1751057,Amber,Mann,6124870518,230716113,74 Walsh rd,4,49468
5178697,Matthew,Davis,5411045537,521549533,64 Cohen Dr,2,22444
2840335,Jonathan,Schmidt,3043750362,269182542,1 Rice Drive,2,23970
9666169,Craig,Hodges,3045115252,496401245,2 Shannonn Avenue,2,22372
7219470,Robert,Foreman,3043110317,299684684,77 Rice ave,2,24872
9794713,Craig,Taylor,6123441465,258384068,179 Morton Dr,2,24730
2985643,Phllip,Browning,3042187690,254241400,5906 Anderson Drive,2,24898
6395979,Christina,Morrison,3046318600,291016566,2 Walsh rd,2,21338
3721770,Albert,Anderson,3049683659,218159648,983 Cherry Street,2,23382
7254279,Ryan,Weinstein,3043902429,295320102,88957 White Circle,4,46008
9413177,Juliana,Bush,6122218555,206205144,5 Smith st.,2,24952
2879456,Gerald,Hatfield,5413546938,203627623,219 Schmidt road,2,21956
3480412,Christian,Pierson,5412265966,290946504,3 Lee Dr.,2,24622
2334679,Lucy,Weinstein,3041467840,252748744,2148 Reynolds rd.,3,31923
2846442,Janice,Cohen,6127640211,286240497,67 Washington Dr.,2,20062
5951368,Evan,McCoy,6121127702,786454814,96 Johnson lane,1,10561
5109013,Jennifer,White,3049712600,295047726,6 Knight Dr,4,48568
3303413,Thomas,Lincoln,3040154799,289219915,493 Laurel Circle,4,43680
7328145,Jonathan,Hatfield,3044379719,246558109,6 Hickory road,1,10859
8708921,Luke,McDougal,3046307335,202400175,80a Walsh Way,2,20096
6244791,Joshua,Hatfield,5412962761,244384284,611 Patterson Circle,2,24022
1459377,Justin,Miller,6124396922,219408557,753 Weinstein lane,2,20522
9177653,Peggy,Morrison,3045984210,241218439,674 Lakeview Street,3,38772
2238921,Craig,Wallace,3048221388,238624939,93 Stout Avenue,2,22946
1795253,Bruce,Miller,3047764400,212226032,5157 Morrison lane,2,23128
8791203,Jonathan,Adams,6124092849,244508832,53 Gomez Blvd,2,23494
2683164,Christian,McCoy,3048460601,253255433,154 McDougal st.,5,64530
5439934,Erica,McDonald,3042389506,390948811,1443 Broadway Drive,4,45476
7150681,Martin,Mann,3045350212,253299223,761 Locust rd.,2,21806
2666797,Kendall,Phelps,3043340327,271922785,114 Willow road,2,22130
1729437,Aaron,Taylor,6128378921,114738178,13427 Stout Circle,2,22212
7453861,Jessica,Rice,3046102275,289607740,9 Highland lane,2,23750
5145676,Samantha,Harper,3044463636,420386472,596 Patterson Way,2,24586
8771195,Ryan,Harper,3045367821,288193665,3c Lee Way,4,46840
4842114,Martin,Black,3044865673,443557515,385 Phelps Circle,2,21060
9235783,Gabriel,McDonald,3041944075,254116950,822 White Avenue,4,48684
9782807,Matthew,Browning,6123351575,201595946,706 Maple Street,2,21512
2234493,Ryan,Black,5410594770,572548010,18993 Walnut Lake,2,23558
3773799,Albert,Black,5418082981,237222834,70453 Shannonn Drive,2,22716
8483810,Alexander,Johnson,6126962500,269838617,48 Foreman road,3,37671
4758222,Lucy,Carlin,5412776970,248612826,74 Johnson Lake,5,56855
7836442,Kendall,Anderson,3047933632,273478378,798 Jefferson rd,2,20362
9711861,Erica,Cohen,3049604131,247916980,1 Lincoln lane,3,37623
7777383,Rick,Harper,3044862420,763463646,2 Lucas Ave.,3,31044
3671736,Tabitha,Lincoln,3049968509,231571430,8f Washington rd.,2,22222
4533975,Joshua,Black,3048118931,303020798,4 Poplar Ave.,2,22338
2456585,Rachel,McCoy,5417706428,289810703,48e Wallace Lake,2,20222
6876821,Leah,Kennedy,3045952679,226758180,92 Ellis ave,3,31764
4089964,Steven,Smith,3045357937,236603226,1 Anderson Street,2,21328
8075078,Gary,Stone,3049529135,225984831,197 Hanson lane,3,37230
8352919,Jessica,Anderson,3040257137,229749595,570 Broadway Ave.,2,21466
3059362,Brooke,Miller,3045908664,256689816,923 Rice Dr,1,10861
6289392,Steven,Johnson,3044672736,731611376,193 Hanson Lake,2,21662
7756505,Donald,Lincoln,5415489657,878651595,4 Shannonn lane,2,22772
8571343,William,Carter,3048897709,212139304,2 McDougal Blvd,2,25846
5262935,Frederick,Lee,6122136099,281282627,63 Weinstein Circle,2,23352
1639950,Albert,Washington,3046133062,241214310,9045 Patterson ave,1,11994
5600828,Paul,Patterson,5415221598,225098871,8 Center Circle,2,22174
5522365,Frederick,Stout,3049738767,275630808,14 Lincoln rd.,2,24798
4495306,Steve,Pierson,3048911873,229393663,56 Gomez rd.,2,24802
6951485,Janice,Browning,6128343044,284813735,11 Pierson rd,4,45168
9726172,Jennifer,Lucas,3046093360,249890954,636 Petry Ave.,2,20428
9552332,Rachel,Childers,3044122120,234369814,34286 Black Street,2,22828
2905368,Janice,Carter,3041577570,224612011,685 Broadway Avenue,2,21766
3053031,Gregory,Stout,6121209226,236468492,565 Lee ave,2,22350
9471591,Joshua,McDonald,6120009696,260544882,24 Carlin Avenue,2,22084
6830019,Phllip,Mooney,5415184045,295473518,9 Walnut st.,3,31062
7643343,Gerald,Mooney,3042267564,261454055,67 Reynolds Blvd,3,37704
5811233,Steven,Pierson,3048982414,283540918,458 Harper Blvd,2,24472
9449964,Tabitha,Carter,5413815185,275806877,6 Hill Dr.,3,38313
5283162,Anthony,Bush,3049957245,306902991,473 Walker Street,3,33900
5921687,Sarah,McCoy,3044066929,256252342,776 Meadow Drive,4,42108
9354074,Christopher,Jefferson,3042696926,376663815,864d Winter Blvd,5,56360
2042777,Samantha,Patterson,6126134945,206662581,5514 Carlin rd,2,23860
9199521,Steve,Mann,6126188676,258557326,31 McDougal Lake,4,44272
4634069,Joshua,McCoy,6125323894,243016208,2 Kennedy Circle,2,22708
9258473,Janice,Kennedy,3042840058,232844783,381 McDougal Ave.,2,24842
9197766,Patrick,Lee,3048392030,239038235,7 Jefferson Dr,2,20774
3621400,Justin,Kirk,5415346016,276011670,9 Stout Dr.,3,33459
6014464,Steven,Hatfield,3044187088,223307528,879a Bluegrass Avenue,2,25322
1871829,Martin,Hanson,6126401213,589042162,5072 Pine Avenue,2,21928
2806787,Erica,Kennedy,3047547393,296223117,6 Lincoln Ave.,2,24886
3362303,Theresa,Mann,5412853683,232225331,480e Mooney Way,2,23698
7178723,Steven,McCoy,3040790019,260665415,111 Walnut Circle,2,20854
9231944,Matthew,Hatfield,5413113729,285853574,97 Hodges rd,3,32349
3199628,Brandon,Hanson,3043359908,259986483,396 Walsh ave,2,21004
3842811,Nicholas,Schmidt,3040799228,212373978,118 Sunset Street,2,23882
7964398,Justin,Wallace,3047899129,288273698,558 McDougal Street,4,42956
8590618,Theresa,Hanson,6122407854,225736417,257 Knight Dr.,3,31245
1286998,Aaron,Gomez,3040030772,245717531,777b Cohen Drive,2,24864
5100261,Frederick,McCoy,3045500559,247448834,45 Woodland Dr.,1,11885
2883733,Juliana,Shannonn,3041105778,214949826,49 Black Circle,2,23764
7272837,Christina,Jones,3040258663,205000760,20 White Dr,4,46396
1497847,Luke,Ellis,6127169777,273616562,6f Weinstein Way,2,25554
5662526,Gabriel,McDonald,3043980379,216422374,34 Morton Blvd,3,31479
3780495,Raymond,Cohen,5411254291,252768787,349 Lakeview Street,1,12412
6561770,Steve,Bush,6128576548,250695281,4 Locust rd.,2,20944
7368649,Tabitha,Taylor,5414976875,236360024,42d Morton ave,2,23732
6832205,Gregory,Morton,5419661769,244455739,2 McCoy Blvd,2,20710
9320704,Steve,Stout,5415092493,197735994,77 Harper st.,5,52960
7675636,Jack,Walker,5411309748,232236441,7 Carter Drive,2,22148
6896257,Bruce,Adams,5410608159,229257976,760 Anderson Way,2,22774
9275999,Jonathan,Phelps,3042039945,221142496,9557 Cherry st.,2,21562
9586173,Evan,Lincoln,3044751336,207701276,2 Oak ave,3,32619
5317047,Matthew,Lee,5414934994,234082469,5 Harper Way,2,24314
9210471,Joshua,Lincoln,6123020936,130100584,6285 Gomez Dr,4,51864
9997833,Janice,Mooney,5410244272,206628784,26 Anderson Blvd,3,32277
7483130,Kendall,Schmidt,3047010171,204448430,2 Bowe st.,2,22394
7033730,Justin,Carter,3048544612,277731355,9 Walker Ave.,2,20244
3023169,Gregory,Hanson,3047883317,465834315,910e Harper Ave.,2,21516
4192013,Jack,Patterson,6123718518,282026152,965 Rice Dr.,4,46320
8624877,Raymond,Wilson,5415222344,146683836,5 Elm rd,2,24366
3478439,Aaron,Jefferson,3045803401,104949992,63 Locust ave,2,23880
1010138,Evan,Washington,3049931556,253941310,11 Walker rd.,2,20090
2420077,Kimberly,Phelps,3048594714,289129753,35 Wilson Circle,2,20378
6636493,Nicholas,Bush,3048866274,264037910,98 Childers road,2,22446
5550182,Kendall,Hanson,5412168713,288016928,1 Stout st.,3,35244
1273895,Anthony,McDonald,3042805179,268691190,5 Hodges Street,2,25948
4497529,Gabriel,Hanson,3044799461,229109359,85 Davis Ave.,3,31848
8987774,Robert,Weinstein,3042423377,528116275,486 Reynolds Dr.,2,24166
1428784,Phllip,Stout,3041242294,268419632,346 Cohen Ave.,4,50684
5995732,Christian,Weinstein,3041977176,225931874,9 Shannonn Street,1,12553
1882858,Steven,Carter,6129047895,281593374,5 Lucas rd,3,38400
7583465,Rachel,Mann,3042541263,261140111,415 Taylor Dr.,4,45200
6514468,Samantha,Rice,3040492685,282027625,4 Taylor rd,4,42920
9943058,Amber,Walker,3048305136,235146082,93035 Walker road,2,24710
6564121,Thomas,White,6122374917,214836806,201 Bluegrass rd,3,34446
3806558,Joshua,Jefferson,6122610993,219224109,6 Anderson Way,2,21888
2239555,Thomas,Wallace,6128325500,206334960,7387 Birch Circle,5,62240
3790516,Luke,Walker,5414617514,221545352,7 Schmidt rd,4,42092
7634221,Stephen,McDougal,5417395363,281817445,268c Hickory Ave.,2,20172
2891002,Alexander,Carter,6122640312,235129511,287 Lincoln Dr,2,24096
5567362,Evan,Morrison,6126301861,205392052,1d Walnut Circle,3,31893
9098870,Sarah,Jefferson,5418820757,923842255,8 Oak road,2,23896
8868039,Raymond,Petry,3044083743,218027078,7 McDonald Ave.,2,24172
2337353,Albert,Harper,5411349764,244928817,23 Patterson Dr.,2,22010
5305967,Patrick,Cohen,6123541573,289865889,80 Morrison Ave.,3,37662
9828359,Gabriel,Browning,3049362917,275578289,45 Kennedy Blvd,2,25500
9403636,Gerald,Knight,3040562237,267155652,6 Sycamore Ave.,2,20766
7807090,Albert,Black,5419834471,235966067,796 Cohen rd.,2,24168
4488685,Craig,Hodges,5414655964,281826144,8 Hillcrest Drive,2,24198
5572826,Gabriel,Washington,3041612749,201727393,6592 Davis rd,3,37185
8746784,Travis,Carlin,5413054295,294447391,2 Mooney road,2,22840
4731087,Craig,White,5418745928,239652378,6123 Dogwood Dr.,2,25458
2651418,Tabitha,Walker,3047188478,244078731,80 Kennedy lane,5,64525
1352027,Matthew,Stout,5416920006,886105349,65 Gomez Blvd,2,21708
3668794,Bruce,Washington,3047124199,254709255,5 Carter Street,3,35016
7889858,Stephen,Hodges,5416524784,230445530,72 Meadow road,1,10628
4242836,Matthew,Jones,6125288641,220022652,31 Center Drive,2,25946
7379834,Robert,Morrison,3046233009,219392499,14 Woodland Way,2,21028
7763476,Jack,Anderson,3045683414,203720452,175 Hatfield Street,2,23422
2209019,Steven,Black,6124345971,295827113,923 Walker Blvd,5,60410
9933932,Gordon,Jefferson,6120402175,877135087,22 Garnes rd,1,10709
6303449,Brooke,Reynolds,3049487032,294147254,45 Bowe Dr.,2,23112
1740244,Sarah,Jones,3043486788,822705517,411 Meadow Lake,2,21676
1114902,Stephen,Petry,3040746291,250333599,23067 Adams rd.,4,40684
5818364,Christopher,Smith,3044764138,241562856,80 Mann Lake,1,12400
1888334,Tabitha,Jones,3045380365,215416245,3 Black Avenue,2,22956
7508741,Travis,Morrison,3040465667,867072220,9 Johnson Way,3,31518
4756187,Paul,Taylor,3046749254,237153035,897 Miller Ave.,3,36273
1144608,Joshua,Anderson,6126355674,248674007,2 McDougal Dr.,1,10055
7784912,Martin,Anderson,3045226328,288880748,44 Wilson lane,4,46644
8585945,Gordon,Jones,5415358615,253395333,6 Elm Drive,5,59405
3408302,Gabriel,Mann,3040055664,267393434,7 Phelps Avenue,2,25296
9737278,Christopher,Bush,3041961677,286107144,8 Bluegrass Dr.,3,32601
8337981,Thomas,Childers,5418237882,261950785,4 Stone Street,4,44352
2053601,Christina,Hodges,3049839414,250649262,285 Stout Dr.,2,22110
9029865,Matthew,Walker,6121152780,367191265,54 Kirk ave,4,47604
6627362,Tabitha,Mann,3049854234,255060540,779 Taylor lane,2,24820
8988630,Steven,Gomez,5416452821,225864614,30 Morton lane,3,32742
3367273,Christina,Walsh,3041000557,893707566,8 Summer Drive,2,25644
6976918,Travis,McCoy,6122804828,893832511,670 Garnes Lake,2,22662
1721247,Erica,Garnes,5411281174,226917419,913 Carlin Dr.,2,21914
3464690,Thomas,Gomez,6121972925,250674242,1 Summer road,2,21402
1180623,Theresa,Walker,3045559424,287688130,11 Black lane,1,10050
3127588,Katherine,Black,3044998107,269369585,5 Winter rd.,1,11144
1527345,Rachel,Knight,5412197296,279961040,40 Lincoln Circle,2,24276
8634672,Robert,Hodges,3048735734,219027439,3 Cohen ave,2,23024
2979808,Justin,Ellis,3040534421,249367082,3 Chestnut st.,2,21274
1027115,Craig,Kennedy,6123706065,268790469,69 Smith road,1,11707
2398410,Stephen,Miller,3047666086,278647059,56282 Cohen Circle,2,21902
7237972,Gerald,Carlin,6122076578,482578610,109 Poplar Drive,4,47128
7801625,Donald,Bowe,3049624505,223834376,455 Smith Drive,2,23826
9986379,Nicholas,Carter,3042539104,263547042,94b Center Way,4,50228
1010996,Amber,White,3049611092,293021137,3339 Hillcrest Street,2,22562
2379004,Amber,Shannonn,3049869180,237066249,9 Walnut road,3,35976
4071098,Joshua,Gomez,5412919145,273784983,58 Bush Blvd,2,25038
5422251,Aaron,Lucas,5411962928,219049177,2 Summer Ave.,1,11676
2878087,Tabitha,Garnes,3047200259,677376281,319 Spruce rd,3,37812
9026509,Phllip,Phelps,6123971209,543419599,44 Kirk ave,1,10638
5992717,Travis,Wilson,3049831266,200359181,892 Adams Way,2,20004
7861301,Phllip,Black,5418406930,200359083,61 Foreman Circle,3,31959
7492073,Brandon,Harper,3040896756,254006012,814 Bush ave,2,20732
7152464,Lucy,Carter,3045603310,239761068,80c Woodland Circle,3,36459
2653457,Matthew,Browning,3041792921,247876090,895 Winter Avenue,4,47976
7972805,Janice,Walsh,3046262387,218421598,251 Hanson Ave.,4,47780
4310139,Amber,Carlin,3046159694,265391761,230c Kirk st.,1,12930
3541486,Christopher,Weinstein,5418506326,278943885,77 Hanson road,3,31047
6544628,Bruce,Davis,5413349621,270092750,909c Gomez Way,4,43708
5440214,Sarah,Kirk,3045764386,931992955,911 Cohen lane,3,30972
2738582,Christopher,Ellis,3049980118,216488176,21 Chestnut road,3,37233
3677858,Rick,Browning,5411608039,860880847,24 Gomez rd,1,11672
1136879,Christopher,Reynolds,3049308000,252364100,367 Hickory Lake,3,35496
7587539,Justin,Browning,3045745723,223813759,3 Childers Lake,2,22710
7431985,Gabriel,Carlin,3047880263,281321534,4 Center Circle,1,12194
6996925,Martin,Washington,6123852010,202395522,39 Wallace Dr.,2,22552
4630064,Rick,Patterson,3049474225,247206149,496 Laurel rd,2,24920
3392130,Brandon,Lincoln,3048383904,217185731,666 Ellis Avenue,4,42376
2646326,Juliana,Cohen,5411299278,262899423,694 Morrison rd.,2,23736
4281067,Erica,Bush,5412079388,266920795,3 Anderson ave,3,32577
1700707,Robert,Kirk,3049546961,299931119,409 Morrison ave,2,21320
6120393,Gregory,Wallace,3043741830,216890886,77 Kennedy ave,1,12528
8252621,Phllip,Browning,3047408683,212408225,466 Sunset Way,1,10102
5852766,Phllip,Garnes,3047387080,287116346,7 Stone Dr.,3,31986
7660367,Juliana,Bush,5419837320,540007049,449 Meadow Street,4,47124
7678104,Amber,Hodges,5416806535,263886052,234 Johnson Circle,4,51264
8576463,Matthew,Garnes,6122502836,255038198,727 Woodland Dr.,2,24546
5571006,Stephen,Pierson,6123138980,240139142,55 Hatfield Blvd,2,24606
1834159,Jennifer,Walker,6121342453,297116579,412 Locust Ave.,2,22686
9818815,Phllip,Patterson,5416642781,246687923,78 Black Dr,1,10141
9709651,Tabitha,Gomez,3048396903,210451786,33 Bush ave,4,41136
4039734,Patrick,Morrison,3040302528,276306720,333 Ellis Circle,1,11378
3459991,Gerald,White,6125215752,220929305,1 Cherry Circle,2,23162
1850059,Paul,Lee,3044492510,206754132,47 Mooney Drive,2,22430
4925193,Earl,Carlin,6123032620,229432898,638 Adams Dr.,2,25594
4857692,Kimberly,Ellis,3044632331,220915973,1305 Hodges ave,2,23416
3940464,Evan,Knight,3044705397,245236603,56 Walsh st.,2,20016
6721293,Evan,Ellis,3045851690,289954050,3 Spruce Blvd,3,32214
8345610,Jennifer,Jones,3045592489,253825787,55 Harper Drive,1,10546
9136600,Gregory,Gomez,3042764569,212255393,791 Poplar road,2,24144
9213349,Leah,Hanson,5416732835,249513166,5049 McDonald Dr.,1,10169
1376035,Donald,McDougal,5413537975,278522356,72d Winter Dr.,2,20984
1286862,Theresa,Gomez,3045363935,226995247,9b Wallace Dr.,2,22410
3348457,Cody,Davis,5414285669,204959423,628 Walsh lane,1,11239
3011061,Aaron,Petry,6123763789,437446859,662 Smith Blvd,4,47936
6432389,Travis,Mann,3040821125,211711404,45 Schmidt Circle,4,46080
1041882,Leah,Mooney,5413090596,249224736,6 Morrison rd.,2,22518
8730161,Nicholas,Bowe,3045793039,219021949,2 Carter Drive,5,59840
6044621,Brooke,Lee,3042218018,239767863,85a White road,2,22138
9311175,Steve,Morrison,3043121316,284281222,975f Stout rd.,2,23032
5908555,Amber,Cohen,6124914237,225020587,1959 Garnes Dr,3,34569
8844070,Janice,Rice,6128873349,203409767,62 Cohen Way,2,25198
9419014,Martin,Bowe,6120082136,254116694,362 Birch Avenue,2,22528
4244607,Gregory,Ellis,3041588492,276787049,7 Wilson Ave.,2,22538
3755057,Thomas,Carlin,3042738907,201890175,8 Jefferson Blvd,3,31320
8842241,Luke,Washington,3045315101,248416230,114 Walnut Drive,2,25660
3486768,Amber,Lucas,3044161519,218639778,507 Morton Avenue,2,23912
7198893,Christopher,Pierson,5419703655,242609031,34 Bowe Dr.,3,38202
6207873,Theresa,McCoy,6129488059,222957443,7048 Highland Drive,2,25512
6467652,Luke,Taylor,3041193361,291961149,3 Bush Way,2,22118
7244000,Matthew,Foreman,3045859969,271499067,41 Walnut Lake,2,21974
5188136,Rachel,Mooney,3047082579,277449903,718 Morton ave,3,30120
8980798,Joshua,Bush,3043128849,298106011,7 Center Lake,1,12306
6979330,Phllip,Jones,3048348913,210671999,5 Hillcrest Dr.,1,12857
2686674,Samantha,Browning,6126093114,244146107,51 Lakeview lane,3,33666
6188236,Peggy,Washington,5413873774,263916656,5 Maple Way,4,49016
1271672,Jessica,Johnson,6123215768,289561027,61 Petry Ave.,2,21514
7972076,Jessica,Bowe,3040483710,228581603,267 Hodges Dr,3,32958
7589330,Jessica,Morrison,6124665048,847513009,281 Weinstein rd.,2,20842
9948386,Jack,Taylor,3049363638,214270987,142 Schmidt Blvd,2,20258
5641648,Robert,Lucas,3042021657,271010157,5 Pierson Dr.,1,11815
4809844,Ryan,Wilson,6128948897,203288369,432 McDonald Blvd,3,35172
5671512,Stephen,Ellis,3040776834,267309653,45 Pine Blvd,3,33768
8693948,Nicholas,Lucas,3041794192,235167432,2 Schmidt Dr.,4,51276
2192072,Steven,Ellis,6120778923,709530310,9589 Jefferson Circle,2,22598
4271470,William,Wilson,3047704439,297520530,7822 Bluegrass rd.,2,22602
3797262,Katherine,Adams,5416024144,293558469,776c Gomez Lake,2,25044
4444982,Jack,Childers,6125917243,638095883,123 Miller lane,2,21356
2150172,Evan,Lincoln,3042536762,228534778,942b Stout Avenue,1,10371
8388686,Peggy,Petry,6121019692,226671969,25f Reynolds Street,2,25712
6930912,Alexander,Lee,3048346425,689678786,3 Hill Circle,3,30639
4656336,Gabriel,Bush,3045688727,977013140,9 Kennedy Street,2,22124
9327795,Gregory,Lee,3045807232,230114839,23c Garnes st.,3,31848
6772960,Gary,Kirk,5410476712,293567034,431 Parkway Avenue,5,53630
7936036,Rick,Garnes,3044194387,202574296,8a Petry road,2,23266
6872712,Janice,White,3043339447,234593694,593 Meadow Circle,3,32682
2775590,Justin,Wilson,5419291405,280621492,415 Poplar Avenue,2,23322
3205770,Cody,Carter,6129952196,225474728,11613 Mann ave,2,20414
7478055,Christopher,Bowe,3042518713,221724610,55143 Bowe Way,2,22302
9490844,Katherine,White,3048848807,201458329,73 White Street,2,20300
9167976,Samantha,Gomez,5414052289,286515887,64 Anderson Drive,2,20082
8303868,Gabriel,Petry,3044008064,296435978,65a Stout ave,2,24636
2680836,Frederick,Knight,3045539821,811187444,698 Carlin rd,4,42068
3677905,Gregory,Davis,6121821027,266722556,320 Hanson Avenue,2,24452
4406399,Jessica,Wilson,3048670049,243270187,9 Schmidt Dr.,2,20394
3696842,Aaron,Pierson,3042108276,265643137,979 Stone Street,2,24232
9395471,Peggy,Browning,5413394052,211264543,876 Mann Ave.,2,20352
7384959,Matthew,Taylor,6120275313,270786992,5 Bowe Lake,2,22656
8091487,Christina,Harper,3047776347,114167101,9007 Walsh st.,4,42472
5829781,Christian,Stone,6121037413,276189100,5 White Blvd,3,32631
5750333,Gregory,Mann,6120420107,937107851,39236 Wallace rd.,2,23996
8278033,Jack,Wilson,6125813070,254846892,11 Pierson st.,3,37395
2929958,Paul,Taylor,3042316629,275275638,3 Cohen lane,2,24198
3681020,Thomas,Kirk,3041691849,292796916,4 Jones st.,2,20990
8977320,Anthony,Kennedy,3044402699,247399937,45 Patterson ave,3,32259
9579833,Robert,Rice,6122688498,324990565,24 Lucas Avenue,2,24598
1933119,Steven,Rice,3049150300,219160176,763 Mann Dr,2,20150
2906069,William,Anderson,6125326189,616988502,7 Black lane,3,35025
5114942,Gabriel,Schmidt,3046967520,276588511,69 Sycamore Drive,3,37515
2693494,Bruce,Mooney,3045921306,216919703,206 Johnson Drive,3,31974
4532750,Gabriel,Washington,3047464850,264873674,9796 Anderson Street,2,24044
5559553,Christian,White,3046667825,202092221,34 Lee road,2,23434
9570563,Rachel,Browning,3041257298,206407410,308 Garnes Dr.,2,21304
9390427,Gerald,Miller,3041567241,254810602,816 Lucas lane,1,12555
4826639,Jack,Hatfield,3047803528,214359428,58 Parkway road,4,45912
1340136,Martin,Walker,5416571551,264408515,7 Bluegrass Drive,3,32436
1887330,Erica,Bowe,3044682310,226080515,38 Morrison rd,2,23988
8952154,Robert,Schmidt,3041802271,248557374,766 Harper Way,2,20106
9563684,Thomas,Browning,6126804124,262887152,2b Reynolds Avenue,2,22792
5027128,Christian,Childers,6124096119,229350277,282 Carter ave,4,48276
8045464,Stephen,Taylor,3040784920,288422488,361 Garnes Blvd,2,20918
7433793,Samantha,Wilson,3042829744,651389333,301 Morton Dr.,1,11369
7475174,Bruce,Reynolds,3042261020,223448226,2d Pine rd.,2,22356
4307332,Kimberly,Weinstein,5411427650,216626358,936 Smith road,1,10249
8337808,Juliana,Bush,3049298938,221231411,3021 Stout Drive,1,12755
1656608,Christopher,Stone,6126410939,280395938,82 Walsh Dr.,2,23196
3933200,Jennifer,Davis,6122160227,262368741,1 Weinstein Ave.,2,25334
1712307,Gerald,Stone,3048636065,368746762,96 Pierson Lake,2,23986
6449813,Justin,Smith,3049324211,277211114,330 Jones Dr,2,22140
6698848,Anthony,Wallace,5412413774,299376273,207 Gomez Way,2,24964
7199177,Sarah,Bowe,3041211957,287692673,8505 Childers Drive,1,11125
3773892,Juliana,Washington,6124676600,287796489,51 Wallace rd,1,12255
5358842,Cody,Reynolds,3049554097,258527323,8 Petry rd.,2,21954
6018390,Samantha,Anderson,5418583740,884145518,33 Foreman Avenue,1,12204
2884018,Amber,Anderson,5418015892,257351938,1 Patterson rd.,2,22120
2185388,Erica,Phelps,3042738904,387263726,1d Oak Circle,1,10154
5276398,Martin,Hodges,5418001420,235202302,273 Jones Dr.,4,45208
3961164,Leah,Weinstein,3042574168,209784275,5 Anderson Circle,1,11825
8442092,Ryan,Garnes,3040680236,281047334,5 Schmidt Lake,4,49568
6106561,William,Schmidt,3049416309,270076031,1 Childers Dr.,2,21948
1060605,Luke,Taylor,3044924464,889773461,540 Washington Drive,2,24182
4466311,Aaron,Jones,3049240977,289287344,486 Birch Dr,2,24754
9574545,Christina,Hanson,3047586156,220819617,54 Washington Drive,1,12148
3383915,Erica,Bush,5417650509,279538199,80 Schmidt road,2,23608
4416443,Martin,Ellis,3043351358,266930530,73 Petry rd.,3,34527
1504300,Christian,Bowe,3043619616,592069241,913 Weinstein Way,3,31224
4965868,Christian,Schmidt,6129152141,110077083,3 Carter Dr,1,12318
6523066,Luke,Lincoln,3043809168,287598900,951 Browning ave,4,51812
7352703,Theresa,Taylor,3045266019,257456115,46 Winter Way,4,47648
3471370,Juliana,Morton,3042863833,225794888,9a Bowe rd,2,20014
8762097,Bruce,Stone,6129412773,284142203,402 Hickory road,4,42564
7421692,Juliana,Reynolds,5417557355,246927897,975 Miller Blvd,2,21580
2473959,Samantha,Stout,3041435366,211686254,63 Bowe Circle,2,22482
4061260,Rachel,Jones,5416945994,274249019,38 Ash Ave.,2,23098
5347687,Janice,Adams,3044183359,217972261,74 Jones Blvd,1,11500
4013588,Allen,Smith,3042550112,239190950,300 Childers rd,2,20600
8440392,Frederick,Stout,5417689729,264632751,1 Harper Circle,1,12611
7970834,Steven,Lincoln,3047019297,946076729,17a Rocky rd,2,23036
4781323,Patrick,Weinstein,3046143158,219424891,97 Kirk st.,2,24052
3664265,Thomas,Mann,3044413965,496912122,12 Mann Street,3,34731
1376639,Gary,Weinstein,3049382541,251576321,65388 Anderson Lake,3,30768
6907667,Leah,Weinstein,3044440416,154245428,33 Summer st.,2,22184
4581872,Raymond,Lucas,3044437954,537666417,46 Ash Way,1,10564
8801666,Brooke,Walker,5416877662,213102256,999 Walnut Circle,2,22954
3629597,Christopher,Hodges,3046010811,235603168,1 Walker Lake,3,31101
1543426,Craig,Rice,3045550931,112357103,49 Summer Avenue,3,38034
8675141,Lucy,Mann,5411186499,201435755,9894 Jefferson Avenue,1,11799
9341194,Paul,Reynolds,3042779800,397493638,6738 Taylor rd.,5,64950
6322088,Christian,Walker,3045095091,245203414,97 Ash Street,3,33876
4787717,Sarah,Schmidt,3048405331,881968901,624f Morrison Way,2,20480
6810969,Raymond,Lucas,3045967995,215119960,57 Davis Way,2,25032
6434317,Steven,Smith,3047270549,816247035,41 Gomez ave,2,25236
5883486,Paul,Wallace,5416527212,840897159,3 Hanson Avenue,3,30921
4086229,Frederick,Knight,5417413113,279790814,315 Rice Avenue,5,64935
9588111,Christina,Harper,3043751057,227239373,37 Bluegrass rd,2,23392
8739604,Samantha,McCoy,6128283858,634060070,3c Lakeview st.,5,56125
6309669,Steve,Miller,6121279547,255303672,64 Foreman rd,3,37386
9495590,Steven,Mooney,3041088723,226998475,72 Anderson Avenue,3,38706
1424411,Stephen,Black,6121816109,283622823,63097 Broadway st.,2,21476
9856683,Earl,Mooney,5414327100,275552942,86 Harper st.,1,10812
1921167,Gregory,Miller,3046240058,231327084,609 Black lane,2,25226
